http://beboo.ru/profile/2707410?from=1	RU
http://beboo.ru/profile/8935790?from=1	RU
http://beboo.ru/profile/8946131?from=1	RU
http://beboo.ru/profile/8945043?from=1	RU
http://beboo.ru/profile/8944859?from=1	RU
http://beboo.ru/profile/8941842?from=1	RU
http://beboo.ru/profile/8943991?from=1	RU
http://beboo.ru/profile/8940195?from=1	RU
http://beboo.ru/profile/8945246?from=1	RU
http://beboo.ru/profile/8942322?from=1	RU
http://beboo.ru/profile/8946437?from=1	RU
http://beboo.ru/profile/8177684?from=1	RU
http://beboo.ru/profile/8947737?from=1	RU
http://beboo.ru/profile/8922945?from=1	RU
http://beboo.ru/profile/8938338?from=1	RU
http://beboo.ru/profile/8944627?from=1	RU
http://beboo.ru/profile/5994611?from=1	RU
http://beboo.ru/profile/8945930?from=1	RU
http://beboo.ru/profile/8941082?from=1	RU
http://beboo.ru/profile/8944063?from=1	RU
http://beboo.ru/profile/8637637?from=1	RU
http://beboo.ru/profile/8940654?from=1	RU
http://beboo.ru/profile/8875360?from=1	RU
http://beboo.ru/profile/8939447?from=1	RU
http://beboo.ru/profile/6153227?from=1	RU
http://beboo.ru/profile/8945888?from=1	RU
http://beboo.ru/profile/8947529?from=1	RU
http://beboo.ru/profile/8938484?from=1	RU
http://beboo.ru/profile/8937744?from=1	RU
http://beboo.ru/profile/8937235?from=1	RU
http://beboo.ru/profile/8936477?from=1	RU
http://beboo.ru/profile/8940623?from=1	RU
http://beboo.ru/profile/8946810?from=1	RU
http://beboo.ru/profile/8947399?from=1	RU
http://beboo.ru/profile/8943732?from=1	RU
http://beboo.ru/profile/8943609?from=1	RU
http://beboo.ru/profile/8941763?from=1	RU
http://beboo.ru/profile/8937957?from=1	RU
http://beboo.ru/profile/8936824?from=1	RU
http://beboo.ru/profile/8943933?from=1	RU
http://beboo.ru/profile/7650089?from=1	RU
http://beboo.ru/profile/7837387?from=1	RU
http://beboo.ru/profile/8944939?from=1	RU
http://beboo.ru/profile/8948027?from=1	RU
http://beboo.ru/profile/8947506?from=1	RU
http://beboo.ru/profile/8654157?from=1	RU
http://beboo.ru/profile/8936294?from=1	RU
http://beboo.ru/profile/8935182?from=1	RU
http://beboo.ru/profile/8946871?from=1	RU
http://beboo.ru/profile/8947680?from=1	RU
http://beboo.ru/profile/8944081?from=1	RU
http://beboo.ru/profile/8948607?from=1	RU
http://beboo.ru/profile/8944168?from=1	RU
http://beboo.ru/profile/7981780?from=1	RU
http://beboo.ru/profile/8941015?from=1	RU
http://beboo.ru/profile/8418692?from=1	RU
http://beboo.ru/profile/8945501?from=1	RU
http://beboo.ru/profile/7836630?from=1	RU
http://beboo.ru/profile/8941060?from=1	RU
http://beboo.ru/profile/8940436?from=1	RU
http://beboo.ru/profile/8948710?from=1	RU
http://beboo.ru/profile/8939498?from=1	RU
http://beboo.ru/profile/8942398?from=1	RU
http://beboo.ru/profile/8935754?from=1	RU
http://beboo.ru/profile/7015264?from=1	RU
http://beboo.ru/profile/8947597?from=1	RU
http://beboo.ru/profile/8939686?from=1	RU
http://beboo.ru/profile/8937195?from=1	RU
http://beboo.ru/profile/8936521?from=1	RU
http://beboo.ru/profile/8184446?from=1	RU
http://beboo.ru/profile/8947156?from=1	RU
http://beboo.ru/profile/8946549?from=1	RU
http://beboo.ru/profile/8946564?from=1	RU
http://beboo.ru/profile/8000595?from=1	RU
http://beboo.ru/profile/8944689?from=1	RU
http://beboo.ru/profile/8942562?from=1	RU
http://beboo.ru/profile/7988072?from=1	RU
http://beboo.ru/profile/8914711?from=1	RU
http://beboo.ru/profile/1131680?from=1	RU
http://beboo.ru/profile/6233693?from=1	RU
http://beboo.ru/profile/8070890?from=1	RU
http://beboo.ru/profile/8939269?from=1	RU
http://beboo.ru/profile/8948576?from=1	RU
http://beboo.ru/profile/8939306?from=1	RU
http://beboo.ru/profile/8936065?from=1	RU
http://beboo.ru/profile/8391384?from=1	RU
http://beboo.ru/profile/8943865?from=1	RU
http://beboo.ru/profile/8945676?from=1	RU
http://beboo.ru/profile/8939488?from=1	RU
http://beboo.ru/profile/8939149?from=1	RU
http://beboo.ru/profile/8940396?from=1	RU
http://beboo.ru/profile/8938772?from=1	RU
http://beboo.ru/profile/8942558?from=1	RU
http://beboo.ru/profile/8938675?from=1	RU
http://beboo.ru/profile/8845947?from=1	RU
http://beboo.ru/profile/8450267?from=1	RU
http://beboo.ru/profile/8946749?from=1	RU
http://beboo.ru/profile/8941750?from=1	RU
http://beboo.ru/profile/8943811?from=1	RU
http://beboo.ru/profile/8946861?from=1	RU